,image_id,class,n,m,coeff,mean,variance,skewness,kurtosis,energy,entropy,rms_wavefront,peak_to_valley,strehl_ratio,contrast,dissimilarity,homogeneity,peak_signal_noise_ratio,structural_similarity
0,defocus_astigmatism_0000,defocus_astigmatism,2,0,0.5479120971119267,0.5801048309407566,0.15257797086156996,-0.6785922576089886,1.4263991754817333,0.22033237114059584,6.508932275539641,0.699356551225749,1.0,4.113968526621616e-09,465.2004289215687,4.683088235294117,0.44430377096706797,12.729181671642337,12.729181671642337
1,defocus_astigmatism_0001,defocus_astigmatism,2,0,0.7171958398227649,0.5586981934764864,0.15049774599483143,-0.2507876635345959,1.3675177316973752,0.21784824169509406,6.593752353453177,0.6801774896221727,1.0,1.1692115902828634e-08,264.26979166666666,4.911151960784313,0.39959827079717064,12.702628760323819,12.702628760323819
2,defocus_astigmatism_0002,defocus_astigmatism,2,0,-0.8116453042247009,0.5834235670348766,0.1431177654306439,-0.3879038572107998,1.4678568787577908,0.217136426501059,6.62315284277145,0.695342235163623,1.0,5.131604585281285e-09,274.8111519607843,5.754963235294118,0.3709503023912333,12.650048768243465,12.650048768243465
3,defocus_astigmatism_0003,defocus_astigmatism,2,0,0.5222794039807059,0.6152015877450778,0.14304737467277656,-0.963374692025314,1.56888183371786,0.2206035597720269,6.524323989422901,0.7221636713632452,1.0,1.1439268521833114e-09,144.822181372549,3.7398897058823533,0.434493127818979,12.758724469115606,12.758724469115606
4,defocus_astigmatism_0004,defocus_astigmatism,2,0,-0.7437727346489083,0.5297541394493481,0.15266564892811685,0.3264094401035302,1.3487488826246303,0.21797015223825114,6.579479740874833,0.6582591413659489,1.0,3.722818962453802e-08,201.73523284313728,4.9363970588235295,0.3967876384830371,12.704808374399345,12.704808374399345
5,defocus_astigmatism_0005,defocus_astigmatism,2,0,-0.25840395153483753,0.6544322992069189,0.10517832154034845,-0.5108065274837555,1.867955185117954,0.21666141490445273,6.7460794592502165,0.730383430662007,1.0,7.139880362326162e-10,196.87738970588236,3.343137254901961,0.4294162154705734,12.42548856169783,12.42548856169783
6,defocus_astigmatism_0006,defocus_astigmatism,2,0,0.2877302401613291,0.7004285736793278,0.08761340849163399,-0.6144818285440932,2.491797966981092,0.21771704339188902,6.574773047957763,0.7604035739777211,1.0,1.2200515957581098e-10,161.16685049019608,2.963970588235294,0.4501744461727027,12.408562903512848,12.408562903512848
7,defocus_astigmatism_0007,defocus_astigmatism,2,0,-0.11317160234533774,0.799911415582059,0.06551857150307268,-1.187317765111423,4.495028491680823,0.2215938703993697,6.24639411512511,0.8398671587111656,1.0,8.056220951033663e-13,237.5389705882353,2.4137867647058826,0.5860012246485,12.754067969402882,12.754067969402882
8,defocus_astigmatism_0008,defocus_astigmatism,2,0,0.1091695740316696,0.6808721226134756,0.12288319074750845,-1.4096194536428737,2.055770547218713,0.2189620023312111,6.533137682081164,0.7658133180480008,1.0,8.806824624152881e-11,277.6890931372549,3.179289215686274,0.5112609567821194,12.704336544765987,12.704336544765987
9,defocus_astigmatism_0009,defocus_astigmatism,2,0,0.6552623439851641,0.5493034326532791,0.15527414696356645,-0.2569500114727687,1.3412935804708874,0.21851758155884296,6.551659022454927,0.6760239700544959,1.0,1.4604023219543238e-08,312.50238970588236,4.8187500000000005,0.4205368614034662,12.708606653119489,12.708606653119489
10,defocus_astigmatism_0010,defocus_astigmatism,2,0,0.5161754801707477,0.6090162414168256,0.1412522532619125,-0.8306916903504385,1.5545498523693517,0.21973369101945275,6.577185588630877,0.7156486816667726,1.0,1.6557836831602335e-09,317.441544117647,4.303860294117648,0.43849248224239684,12.675833010060622,12.675833010060622
11,defocus_astigmatism_0011,defocus_astigmatism,2,0,0.9413960487898065,0.6037997816464991,0.13806891680429711,-0.7309011376912138,1.5527681303398835,0.21637558400572426,6.675052771728643,0.7089732668589536,1.0,2.410205228144118e-09,367.6036764705882,6.695649509803921,0.35435361649054226,12.665950993351775,12.665950993351775
12,defocus_astigmatism_0012,defocus_astigmatism,2,0,0.5567669941475237,0.6043425131447662,0.14858641692933638,-0.9274763479406889,1.5144201918719815,0.22023567937935842,6.485358342090246,0.7168098005213575,1.0,1.550553189221022e-09,139.25220588235294,3.829289215686275,0.4371867398533472,12.739392819112954,12.739392819112954
13,defocus_astigmatism_0013,defocus_astigmatism,2,0,-0.06655799254593164,0.676747812041852,0.13048897505438822,-1.5148110569443776,1.9385209833272905,0.2203911071117758,6.449741619440773,0.7671222693663781,1.0,8.136108536975983e-11,273.9744485294118,3.2006740196078436,0.5100341066365928,12.750510126796996,12.750510126796996
14,defocus_astigmatism_0014,defocus_astigmatism,2,0,-0.6914210158649043,0.5566844270402198,0.15180836642999165,-0.29820631291761707,1.358642335866814,0.21792689347559724,6.5968210806243475,0.6794894537364722,1.0,1.213200262309887e-08,272.8844975490196,4.854044117647058,0.4056586485640512,12.709438370334105,12.709438370334105
15,defocus_astigmatism_0015,defocus_astigmatism,2,0,0.48952431181563427,0.5828000904162287,0.1424457825095038,-0.43966849974002226,1.451594802381582,0.21696925603113507,6.667656032250727,0.6943354577570328,1.0,5.423018044094899e-09,122.35232843137254,3.9959558823529413,0.4020975656891216,12.638891093446464,12.638891093446464
16,defocus_astigmatism_0016,defocus_astigmatism,2,0,-0.3483492837236961,0.7416833801408464,0.08511604645516713,-1.2817617299295196,2.6546377929148846,0.21964185007972553,6.46385551209052,0.7970008047877484,1.0,1.2857461492170976e-11,285.91170343137253,3.23265931372549,0.4833347064318624,12.591923094033783,12.591923094033783
17,defocus_astigmatism_0017,defocus_astigmatism,2,0,-0.06088837744838416,0.7755399319902979,0.0848501639659001,-1.5696918938503166,3.3237979487479614,0.22392709771012098,6.2480682598591395,0.8284397081727891,1.0,1.7100037312750205e-12,291.8406862745098,2.6840686274509804,0.5692552088673347,12.783137601569408,12.783137601569408
18,defocus_astigmatism_0018,defocus_astigmatism,2,0,-0.7401569893290567,0.5275909958617774,0.15323260939975142,0.42980013240887954,1.34277748928885,0.2180001337554956,6.571453695344746,0.6569511917290154,1.0,3.984425279643637e-08,196.80202205882352,4.9256127450980385,0.39808353086761694,12.653864968261402,12.653864968261402
19,defocus_astigmatism_0019,defocus_astigmatism,2,0,-0.5461813018982318,0.5957961262411892,0.1456481179657785,-0.7191661871486047,1.5070448479552474,0.21994497243454658,6.548314596258229,0.7075458585913604,1.0,2.6104831812430556e-09,275.4484681372549,4.334313725490196,0.4384351311035954,12.683076070723455,12.683076070723455
20,defocus_astigmatism_0020,defocus_astigmatism,2,0,-0.12569616225533853,0.7455303059315642,0.0900519240840682,-1.217279850324972,2.9963568172006756,0.2194141110426436,6.470678563800781,0.8036587342563261,1.0,8.441835114181381e-12,272.24957107843136,2.799877450980392,0.5397989643342075,12.735339998267609,12.735339998267609
21,defocus_astigmatism_0021,defocus_astigmatism,2,0,0.40053020400449824,0.6878067571202238,0.1117314373211756,-1.2678138422041365,1.9862110635968524,0.21863176788841757,6.576728062246858,0.7647284305303511,1.0,9.403476885069501e-11,242.70796568627452,3.4034313725490195,0.4570951439386035,12.593997360002371,12.593997360002371
22,defocus_astigmatism_0022,defocus_astigmatism,2,0,0.6645196027904021,0.5841904940064612,0.1519276592581427,-0.7670039195348426,1.407745654357248,0.21837378010106462,6.541149016251703,0.7022864035033398,1.0,3.4982603517575652e-09,168.49289215686272,4.433210784313725,0.41466089773019793,12.709896067735873,12.709896067735873
23,defocus_astigmatism_0023,defocus_astigmatism,2,0,-0.22504324193965108,0.8008549171900845,0.061089714721724836,-1.013422399452687,5.23072064473955,0.22065394029276236,6.213348678123824,0.8381278620289757,1.0,9.040039775532481e-13,215.61850490196076,2.367585784313725,0.5558493376139241,12.642898591575582,12.642898591575582
24,defocus_astigmatism_0024,defocus_astigmatism,2,0,0.364991007949951,0.6539204237110143,0.10476857420291652,-0.5221794645249651,1.806376921982785,0.21666074664675933,6.731476322360431,0.7296440877231235,1.0,7.450725675929384e-10,124.79865196078433,3.2734068627450976,0.4145103788023963,12.398499787671515,12.398499787671515
25,defocus_astigmatism_0025,defocus_astigmatism,2,0,-0.6001835950497834,0.5630050448535143,0.1540863644699851,-0.47132751673455725,1.38963290643503,0.21938490357160584,6.531202290542797,0.6863388703843698,1.0,8.385643908845529e-09,168.78425245098038,4.586029411764706,0.41668550845368757,12.67797163542076,12.67797163542076
26,defocus_astigmatism_0026,defocus_astigmatism,2,0,0.5738487550042768,0.5822887733714388,0.1491915999479283,-0.5999859125357803,1.4523507201482906,0.21943810151329976,6.546625639658858,0.6987501810678427,1.0,4.253987451152654e-09,286.49528186274506,4.478676470588236,0.4369925302517427,12.76410825965694,12.76410825965694
27,defocus_astigmatism_0027,defocus_astigmatism,2,0,0.4103307572526702,0.662838531179582,0.11615660350907595,-1.0236429025441947,1.7988416294895264,0.21733985707178036,6.664199849326625,0.7453264532574848,1.0,2.9895864994421474e-10,149.96813725490196,3.3036764705882353,0.4335343049400507,12.646330655642092,12.646330655642092
28,defocus_astigmatism_0028,defocus_astigmatism,2,0,-0.08216844892332009,0.9015567780499714,0.02463691446455679,-1.1239199990613495,11.774581397974892,0.23340908950922987,5.3878745031430775,0.9151183194059674,1.0,4.383772338815052e-15,143.59013480392156,1.6403186274509802,0.7007270218783626,13.073076579547266,13.073076579547266
29,defocus_astigmatism_0029,defocus_astigmatism,2,0,-0.7204060037446851,0.5843143410746381,0.1487759578906346,-0.645046905048098,1.4144257615376274,0.2178052151375793,6.569869206829627,0.7001422763096964,1.0,3.939196744892035e-09,187.4954044117647,4.931066176470588,0.3954045872237518,12.770266961043644,12.770266961043644
30,defocus_astigmatism_0030,defocus_astigmatism,2,0,0.3368059235809433,0.7322369989056856,0.08171209744839555,-1.172545276932474,2.1882816653817185,0.218734039295934,6.521386053939333,0.7860554179030893,1.0,2.5482024277777458e-11,386.85631127450984,3.9376838235294116,0.45704424339300714,12.46838624012085,12.46838624012085
31,defocus_astigmatism_0031,defocus_astigmatism,2,0,0.13047221296237765,0.8018653599958764,0.06280956296931463,-1.0752536296025865,4.880686198164341,0.22119654919078796,6.243903266424403,0.8401176218426983,1.0,7.923500420014092e-13,227.57438725490198,2.3715686274509804,0.5837866465110111,12.69683266433401,12.69683266433401
32,defocus_astigmatism_0032,defocus_astigmatism,2,0,0.2694366400011816,0.7939926348074999,0.055502793328729004,-1.2550860601859726,3.107986242852355,0.22112503724766422,6.278411788647972,0.828207158540232,1.0,1.7362102425502744e-12,269.59295343137256,3.138051470588235,0.5056659945823166,12.554163208024702,12.554163208024702
33,defocus_astigmatism_0033,defocus_astigmatism,2,0,0.11841432149082709,0.8605731149400335,0.038169269693970116,-0.9919002985231617,7.982195451262923,0.22531341100885985,5.844881510729827,0.8824711643173175,1.0,4.446699572830263e-14,168.49466911764705,1.8971813725490194,0.6478155827720719,12.880581465348833,12.880581465348833
34,defocus_astigmatism_0034,defocus_astigmatism,2,0,-0.9383643308641212,0.5861181630110666,0.14038062079367836,-0.5533004376368543,1.4967550113718178,0.2164749430386152,6.6871942585719655,0.6956400806488551,1.0,5.048355634134044e-09,66.6498774509804,5.266482843137255,0.36008568811162023,12.684682999302053,12.684682999302053
35,defocus_astigmatism_0035,defocus_astigmatism,2,0,-0.5708306543609416,0.571028621838148,0.15423579984669838,-0.5802733089066734,1.392060867991697,0.21985303937277845,6.51669128435727,0.693043639899446,1.0,5.82062321439174e-09,407.6663602941177,4.685723039215686,0.44098126688147365,12.765571654391263,12.765571654391263
36,defocus_astigmatism_0036,defocus_astigmatism,2,0,0.7068061465363322,0.5748235284952317,0.14935311443439098,-0.4969012294712069,1.3970594511106973,0.21785772815531665,6.584474087160749,0.6926580710177999,1.0,5.9446996239247085e-09,214.1234681372549,4.769669117647059,0.40158826517782115,12.686397471861714,12.686397471861714
37,defocus_astigmatism_0037,defocus_astigmatism,2,0,-0.883394516621868,0.5810262066447645,0.14319791612633873,-0.5467431384308937,1.4725935273139041,0.21702885353056167,6.647680531955579,0.6933897669668504,1.0,5.711389564812025e-09,229.5219975490196,5.626225490196079,0.3676696731436424,12.625632004541785,12.625632004541785
38,defocus_astigmatism_0038,defocus_astigmatism,2,0,-0.41281248446663277,0.6819537776980518,0.11354259386301274,-1.2150799013151428,1.9615469506852896,0.2181020525665355,6.606516963438722,0.7606599429309109,1.0,1.2014130477795087e-10,276.87120098039213,3.5908700980392156,0.4525554565703809,12.649206908242443,12.649206908242443
39,defocus_astigmatism_0039,defocus_astigmatism,2,0,0.11406430468255668,0.7896638071234606,0.07043855083751711,-1.206856739371343,4.137816946957092,0.22115020774270533,6.293414462575761,0.8330711128818687,1.0,1.262007913562982e-12,247.57738970588235,2.4927083333333333,0.5772555650250804,12.719603613104306,12.719603613104306
40,defocus_astigmatism_0040,defocus_astigmatism,2,0,0.3286270806547751,0.7664608411377386,0.06966933160169334,-1.2355207210844417,2.848303258909355,0.22001469961435396,6.406742316897525,0.8106365107736407,1.0,5.411396872198117e-12,280.0597426470588,3.199632352941176,0.48858947237210504,12.573969606157714,12.573969606157714
41,defocus_astigmatism_0041,defocus_astigmatism,2,0,0.6280407693320693,0.5902906314327082,0.15345343340696396,-0.8680555994671022,1.4268788634461689,0.21903662562681844,6.495409274736843,0.7084465138344527,1.0,2.4823052827176286e-09,142.41194852941175,4.164889705882352,0.42638772735512953,12.778698790265487,12.778698790265487
42,defocus_astigmatism_0042,defocus_astigmatism,2,0,-0.954575853732279,0.6060869411350982,0.13841133885603413,-0.7722286676744285,1.557390115242218,0.21628541684647437,6.673875832689426,0.7111629342636849,1.0,2.131761831886074e-09,365.98039215686276,6.764338235294118,0.3536043857520051,12.670810264932083,12.670810264932083
43,defocus_astigmatism_0043,defocus_astigmatism,2,0,0.4447187011929006,0.6583754877930363,0.11696565982205,-0.9960976002759792,1.7508520366634406,0.21716637832621416,6.682118012737855,0.7419056157954114,1.0,3.654592729470312e-10,468.80251225490196,4.405882352941176,0.4357066210590275,12.595233507814484,12.595233507814484
44,defocus_astigmatism_0044,defocus_astigmatism,2,0,-0.6774564419327964,0.5285095948788058,0.16091523772944258,0.030397501973135472,1.287921480232278,0.21901950725890804,6.4891659444481915,0.6635040539502393,1.0,2.8314692799425255e-08,307.5703431372549,4.826960784313726,0.4212081998927767,12.80207118965621,12.80207118965621
45,defocus_astigmatism_0045,defocus_astigmatism,2,0,-0.6953757945736632,0.5596955815947342,0.15121342623673112,-0.31495409962969356,1.3645497930256045,0.2178814710395852,6.593577857245516,0.6815222448998998,1.0,1.0876709294552012e-08,264.6699142156863,4.8422181372549025,0.40472997298826685,12.713103309997013,12.713103309997013
46,defocus_astigmatism_0046,defocus_astigmatism,2,0,-0.1076874488519386,0.8926944927037679,0.027470064204867223,-0.9480041966817504,11.066441833527342,0.23059641416123194,5.430696678506523,0.9079501756751328,1.0,7.343490325763389e-15,145.6366421568627,1.6596813725490196,0.6935368664007812,13.045340493527458,13.045340493527458
47,defocus_astigmatism_0047,defocus_astigmatism,2,0,-0.39697582170424695,0.6983317967962575,0.10441339821047772,-1.1789331893377901,2.132316131653586,0.21831144657277804,6.5908361863245,0.7694678009034341,1.0,7.057049356757555e-11,314.7786151960784,3.6244485294117643,0.45889410971130284,12.603326977951404,12.603326977951404
48,defocus_astigmatism_0048,defocus_astigmatism,2,0,-0.27637477889321915,0.6565870496624877,0.10165953152513602,-0.4583763305827288,1.8560270414355462,0.21682651753479512,6.721609220941655,0.7299082718462822,1.0,7.338165860598765e-10,178.871875,3.311642156862745,0.42468500381773167,12.39827639647151,12.39827639647151
49,defocus_astigmatism_0049,defocus_astigmatism,2,0,-0.7639881957589694,0.5790585600371315,0.14623376241040537,-0.38263101328792226,1.425567913778063,0.21742743492918093,6.598220489283524,0.6939326900807323,1.0,5.5440586124638205e-09,249.1532475490196,5.4299019607843135,0.38102086863546447,12.657785930955054,12.657785930955054
50,coma_spherical_0000,coma_spherical,3,1,0.5720129669906497,0.7604264048207616,0.08297695336984413,-1.5241392845903179,2.6962505217462347,0.22033728406422395,6.344710553179846,0.813157592670986,1.0,4.603853894315799e-12,317.68884803921566,4.646262254901961,0.4497566022718936,12.64209904082339,12.64209904082339
51,coma_spherical_0001,coma_spherical,3,1,-0.3277820539566726,0.7792512067813342,0.07263814668698912,-1.2473388779650487,3.4070456443517423,0.2190583661039823,6.343039402481243,0.8245426550258965,1.0,2.2051731870165786e-12,226.500306372549,3.8700367647058824,0.46827742323307314,12.693627466629271,12.693627466629271
52,coma_spherical_0002,coma_spherical,3,1,0.3902512655521124,0.8475281579543179,0.042211425748886464,-1.456619837392096,5.627041689620695,0.2250956522559689,5.89387206801046,0.8720753432326395,1.0,9.136218576978436e-14,258.5069240196078,3.2719362745098044,0.5368559544225121,12.754020842181564,12.754020842181564
53,coma_spherical_0003,coma_spherical,3,1,-0.07089389699869586,0.8956535296638479,0.020700630636717763,-1.048081912572141,9.378404558959721,0.2259203734220192,5.537461190090877,0.90713608451876,1.0,7.784615107177309e-15,230.39540441176473,2.989889705882353,0.5824006276809862,12.980876626705385,12.980876626705385
54,coma_spherical_0004,coma_spherical,3,1,-0.565052652985101,0.7264655598358756,0.09906239762968058,-1.3736521165844264,2.5308815002073177,0.21775746229833803,6.534599976575127,0.7917162416278529,1.0,1.7910234157580933e-11,150.66513480392157,4.268014705882353,0.460298645865256,12.720890881268517,12.720890881268517
55,coma_spherical_0005,coma_spherical,3,1,-0.0619131942329445,0.8720352260898153,0.027370134853489162,-1.0060661272780262,7.195095234194793,0.22262658721974768,5.775107570218038,0.8875897534306064,1.0,3.1095537235623346e-14,279.86403186274504,3.562867647058823,0.5361578591498747,12.905710823475097,12.905710823475097
56,coma_spherical_0006,coma_spherical,3,1,-0.2716607261890865,0.9055280315910004,0.018914209268627108,-1.4548030434200498,9.839225724393197,0.24108185580745944,5.245716953316051,0.9159122366611874,1.0,4.139273815509701e-15,197.51544117647057,2.6659313725490197,0.6059489854213367,13.013969775912484,13.013969775912484
57,coma_spherical_0007,coma_spherical,3,1,-0.4525181038850756,0.7814970695027488,0.07319484567174905,-1.391069117801156,3.290513660060428,0.21953259736380207,6.327433256600123,0.8270021253377365,1.0,1.8784513045878667e-12,201.00220588235294,3.7147058823529413,0.4961494432340672,12.648035132244468,12.648035132244468
58,coma_spherical_0008,coma_spherical,3,1,0.3619273417692941,0.8601080766085102,0.03714580505157222,-1.429083137202991,6.44767373648331,0.22619904825168216,5.803330581876694,0.8814372969750957,1.0,4.7786441886892436e-14,247.4375,3.066421568627451,0.5576218730057688,12.83342778246207,12.83342778246207
59,coma_spherical_0009,coma_spherical,3,1,-0.09506974431485482,0.9281979534415317,0.013587792845861443,-1.1934104629850335,16.186266970577915,0.2420766737798001,4.989145964633444,0.9354887672328884,1.0,9.897174982739206e-16,179.7954656862745,2.1349877450980395,0.68994760506379,13.111479260354251,13.111479260354251
60,coma_spherical_0010,coma_spherical,3,1,0.11773715647782979,0.9258090550584394,0.01429089185108013,-1.2078355947523134,15.418144941128006,0.2407893918655507,5.029931164140351,0.9334952052792133,1.0,1.1465509930226873e-15,181.87726715686273,2.1588235294117646,0.6849165790006928,13.069284899819113,13.069284899819113
61,coma_spherical_0011,coma_spherical,3,1,-0.5817779504041553,0.7661725432657001,0.08157427682566634,-1.5386593508458357,2.8089524952711544,0.22383897969034758,6.239902643767223,0.8176763680576181,1.0,3.4416898845750562e-12,409.2520833333333,4.8478553921568635,0.4503649534843799,12.66810754980189,12.66810754980189
62,coma_spherical_0012,coma_spherical,3,1,-0.6417401565933505,0.7374910705286049,0.09742630248086011,-1.5305545658345399,2.4470464122672686,0.22510830879175803,6.2876017981422905,0.8008241889393,1.0,1.0102134637252464e-11,421.2544730392158,5.152205882352941,0.43723233906012715,12.708321079313453,12.708321079313453
63,coma_spherical_0013,coma_spherical,3,1,-0.23819430273410053,0.8556128104095738,0.038467534294147274,-1.2465339701306222,6.247056066964179,0.22374048073629332,5.877313696539197,0.8778045429542483,1.0,6.150043784532331e-14,258.86617647058824,3.137622549019608,0.5466375941211088,12.86305572031771,12.86305572031771
64,coma_spherical_0014,coma_spherical,3,1,-0.5552358451884276,0.7800962861790537,0.07416162479634952,-1.5443843118544192,3.030020165917704,0.22448412681981317,6.1867206075073025,0.8262637838527728,1.0,1.971191087453136e-12,401.658455882353,4.6885416666666675,0.45881884407524653,12.677161963113877,12.677161963113877
65,coma_spherical_0015,coma_spherical,3,1,-0.4611698440483594,0.7570604572189606,0.08507446051193636,-1.3024267432376597,2.9030812312130996,0.21837916153713818,6.431342018841959,0.811304502881944,1.0,5.184817351505631e-12,163.70379901960783,3.8931372549019603,0.47173739206981735,12.642065323226179,12.642065323226179
66,coma_spherical_0016,coma_spherical,3,1,0.11348559558055293,0.9248839971035372,0.014456877772058948,-1.2009273366491802,15.118491966795224,0.2397709913824505,5.053301728875744,0.9326667603545625,1.0,1.2187093914696224e-15,183.5268382352941,2.1848039215686272,0.680340396110005,13.11483682780758,13.11483682780758
67,coma_spherical_0017,coma_spherical,3,1,0.12728168807398343,0.8106085704201633,0.0496451591505169,-0.972731005665193,4.639806868102319,0.21867747444364297,6.236324472427546,0.840673190716308,1.0,7.636721050125428e-13,353.8271446078431,4.382352941176471,0.46515800882138564,12.618296784205514,12.618296784205514
68,coma_spherical_0018,coma_spherical,3,1,0.6419828985380234,0.7372972354534433,0.09750956051780818,-1.531499653220339,2.4443898830901545,0.2249509715044152,6.290835052262516,0.8006976794802758,1.0,1.0183261895520919e-11,420.37248774509806,5.1525735294117645,0.43693344792071775,12.705768292783644,12.705768292783644
69,coma_spherical_0019,coma_spherical,3,1,0.3958293181504007,0.7814227658369217,0.07363488011007854,-1.311957160256596,3.3297343866841556,0.2191970327312081,6.324491625153707,0.8271979322255969,1.0,1.854584079642436e-12,202.76917892156862,3.702696078431373,0.4840060268348312,12.734509783064905,12.734509783064905
70,coma_spherical_0020,coma_spherical,3,1,-0.018678336826575492,0.9364577304825179,0.011093330767364172,-1.3062726285873547,20.18687515752999,0.25204434117134716,4.793971839328053,0.9423621446916426,1.0,5.945855325452596e-16,155.92285539215686,2.0076593137254903,0.6965869903999188,13.07630167171528,13.07630167171528
71,coma_spherical_0021,coma_spherical,3,1,0.6129570369649759,0.7505859219481177,0.09004604296465199,-1.5362683931288288,2.5990660905460774,0.22398315819268022,6.276315401573761,0.8083472454281995,1.0,6.2640407591284406e-12,414.6742647058824,5.011887254901961,0.4428315099797143,12.691305287428502,12.691305287428502
72,coma_spherical_0022,coma_spherical,3,1,-0.03711483852026465,0.8744393014376564,0.026983043727054234,-1.0004182431725588,7.406589006032247,0.22290123486810243,5.739579209396449,0.8897343061981091,1.0,2.6751478630819617e-14,292.62818627450974,3.6450980392156866,0.5387623950521481,12.889917739232457,12.889917739232457
73,coma_spherical_0023,coma_spherical,3,1,-0.2358034037204269,0.8984214140479742,0.02143914019868144,-1.4907359984800457,7.867462533592085,0.24720312392904345,5.257195993369483,0.9102747812713714,1.0,6.2149182034948494e-15,236.5389705882353,3.0206495098039214,0.5897997381843972,12.958025636967,12.958025636967
74,coma_spherical_0024,coma_spherical,3,1,-0.08552395557293468,0.8112840907952247,0.047993450701489984,-0.9366232398445188,4.5995293886820585,0.2186430427521191,6.2193300691333775,0.8403423865775927,1.0,7.806227092645587e-13,380.4595588235294,4.553247549019607,0.46303673868349543,12.664855715560332,12.664855715560332
75,coma_spherical_0025,coma_spherical,3,1,0.456808693872101,0.7677599858183968,0.07991180369166892,-1.3398209429231467,3.054741682496699,0.21882146238245787,6.390322292034771,0.8181486414555326,1.0,3.3383052992807764e-12,178.9556985294118,3.8078431372549018,0.4827931385225973,12.743160580568802,12.743160580568802
76,coma_spherical_0026,coma_spherical,3,1,-0.5036512754019449,0.8102752238556017,0.05877219755729456,-1.5412608305429114,3.635436080791255,0.2293459463343086,5.997615304084714,0.8457648230752683,1.0,5.441082977805491e-13,387.06660539215693,4.366360294117648,0.4805003680148816,12.65986284095488,12.65986284095488
77,coma_spherical_0027,coma_spherical,3,1,-0.547993962410379,0.7759810293307563,0.07530796099769249,-1.5314899483781532,2.9339192162261347,0.2214390177201157,6.26910641985196,0.8230762533805192,1.0,2.425866333862505e-12,337.6973039215686,4.529473039215686,0.4583714809650366,12.623266735853267,12.623266735853267
78,coma_spherical_0028,coma_spherical,3,1,-0.3062727026253883,0.8951352870756795,0.02310928423030388,-1.413697144614797,9.353503083235685,0.232877066550466,5.444048734701669,0.9079517973980573,1.0,7.342636624203447e-15,206.27181372549018,2.644117647058824,0.6004540895530059,12.977778952479088,12.977778952479088
79,coma_spherical_0029,coma_spherical,3,1,0.31779246000163575,0.8642291521191212,0.03635238648797491,-1.3402372829370304,6.781956108911753,0.22549728291359813,5.782708228376377,0.885010968214807,1.0,3.724532144871994e-14,244.64031862745102,2.9128676470588233,0.580338336568695,12.862729824558677,12.862729824558677
80,coma_spherical_0030,coma_spherical,3,1,-0.5491626756617448,0.7290323872826852,0.09795810719356746,-1.355216490062848,2.570365236711348,0.21776615422817575,6.527341577586531,0.7933765366461617,1.0,1.614283154678918e-11,144.04313725490198,4.190870098039216,0.4628483286897242,12.674985139438897,12.674985139438897
81,coma_spherical_0031,coma_spherical,3,1,-0.3777004127471668,0.7691035106171993,0.07868606352541534,-1.2817295837793712,3.1333793433837758,0.21880870923595525,6.373933064212222,0.8186612691272965,1.0,3.2295343634075225e-12,195.33241421568627,3.8591299019607845,0.46774144455477557,12.742406831730959,12.742406831730959
82,coma_spherical_0032,coma_spherical,3,1,0.07679345714807673,0.9243904748001424,0.014192956661977401,-1.1608053958546294,14.958494245230678,0.23697155080002852,5.09470694192083,0.9320357860957968,1.0,1.276653131083736e-15,185.87561274509807,2.2550245098039214,0.6692166236778511,13.195209359938636,13.195209359938636
83,coma_spherical_0033,coma_spherical,3,1,0.4617056403853783,0.7913205267328349,0.06805583089428319,-1.4426519696427473,3.4746812296212823,0.22040091000171383,6.271941670582255,0.8332130621413797,1.0,1.2502784559919297e-12,224.95827205882352,3.7324754901960784,0.4961727300642983,12.630332155108121,12.630332155108121
84,coma_spherical_0034,coma_spherical,3,1,-0.2560055500481985,0.8035622212884588,0.05943081414150268,-1.1844773693821322,4.207692343451437,0.21936364902356478,6.250783774831163,0.8397279664412425,1.0,8.130920251714853e-13,276.03088235294115,3.828125,0.47826496262991486,12.678559563095979,12.678559563095979
85,coma_spherical_0035,coma_spherical,3,1,-0.2927150266038339,0.8855732531107582,0.026060507569297377,-1.502011278869816,6.7213572398633445,0.24344762672503295,5.398864069352054,0.9001669257390369,1.0,1.2799359109276122e-14,268.4365808823529,3.286703431372549,0.5674530092014827,12.921404841082659,12.921404841082659
86,coma_spherical_0036,coma_spherical,3,1,-0.34164887320535614,0.7902327020730209,0.0686809135369404,-1.2871939483558705,3.6004821249458603,0.21973652635707794,6.275744650638327,0.8325554858161516,1.0,1.3055308818007673e-12,228.72212009803923,3.6941789215686276,0.4839916328724826,12.634769176406063,12.634769176406063
87,coma_spherical_0037,coma_spherical,3,1,-0.46954905538517455,0.7447184411875042,0.09094835607090951,-1.2768396202619883,2.7523338180685593,0.2178669384699063,6.476814418170514,0.8034636971983584,1.0,8.546947174823922e-12,148.1311274509804,3.9959558823529413,0.4611866175655185,12.736053005235206,12.736053005235206
88,coma_spherical_0038,coma_spherical,3,1,-0.09086411599574684,0.804063472950801,0.0508576960196572,-0.9290213389688026,4.419838697649154,0.21837558109163946,6.259768369039909,0.8350902732958639,1.0,1.104871960862035e-12,389.9950980392157,4.646752450980392,0.45704424398302584,12.581427955133297,12.581427955133297
89,coma_spherical_0039,coma_spherical,3,1,0.5483481727568795,0.7645371188624772,0.08037312223389051,-1.504945431607088,2.804152991919359,0.21986638725836924,6.358571536070954,0.815407952102767,1.0,3.983699729643481e-12,267.5846200980392,4.396200980392156,0.45747125321855603,12.667580047876106,12.667580047876106
90,coma_spherical_0040,coma_spherical,3,1,0.5471094872299347,0.7351842198950362,0.09486846422188189,-1.3848458403839905,2.6170379292836943,0.21795518954078993,6.511270171654424,0.7970974227812775,1.0,1.277952005904299e-11,155.62205882352941,4.183394607843137,0.46449219630464533,12.685349614399566,12.685349614399566
91,coma_spherical_0041,coma_spherical,3,1,0.026401704541028637,0.8766600427515006,0.026571108630181837,-1.0035488206844285,7.603030834821699,0.22325930079767667,5.710523908607392,0.8916860093032998,1.0,2.3320459019650536e-14,296.15379901960785,3.655821078431373,0.5422660421795188,12.930772539544545,12.930772539544545
92,coma_spherical_0042,coma_spherical,3,1,0.3808174049553832,0.8641632033495422,0.03441564119208822,-1.4773399316578795,6.3197121509542225,0.22821292321086392,5.728617878104769,0.8838516183248354,1.0,4.038611101275254e-14,251.79883578431378,3.206188725490196,0.5446101277220231,12.824922188390492,12.824922188390492
93,coma_spherical_0043,coma_spherical,3,1,-0.17687917957680588,0.8441337047896277,0.03959442011573478,-1.1000303893435244,5.775397014382737,0.220931154937392,6.015996488834868,0.8672693535906807,1.0,1.2708326796307375e-13,279.8165441176471,3.572794117647059,0.5103480028356953,12.788244878553446,12.788244878553446
94,coma_spherical_0044,coma_spherical,3,1,0.34550545588863635,0.8624650827428704,0.03657079254415325,-1.400252551916931,6.657608672788453,0.2260048910794252,5.792773166413718,0.883412028158333,1.0,4.1643929398680165e-14,244.6317401960784,2.9786151960784313,0.5702192752869317,12.862896016751598,12.862896016751598
95,coma_spherical_0045,coma_spherical,3,1,0.611538410747291,0.7338018270609697,0.09602975781240376,-1.4937019624887298,2.4210122262929117,0.21886365657300186,6.461764657227597,0.7965518684997364,1.0,1.3225771422052932e-11,269.3001225490196,4.79203431372549,0.4391306454946131,12.649157429492323,12.649157429492323
96,coma_spherical_0046,coma_spherical,3,1,-0.5281388946239195,0.7571999611084143,0.08396847901613275,-1.4512538948663871,2.8228248236199476,0.21896647660952714,6.423331635213218,0.8107528970769804,1.0,5.371232441680618e-12,197.22665441176474,4.125796568627451,0.46878539729643875,12.640879788932535,12.640879788932535
97,coma_spherical_0047,coma_spherical,3,1,-0.4854019567257083,0.777861407016393,0.07429178526391228,-1.446777970217487,3.1766154574563004,0.21975293428743464,6.337890301090198,0.8242330700654001,1.0,2.250060851290799e-12,211.34350490196078,3.8724264705882354,0.48530173960894735,12.654515173669221,12.654515173669221
98,coma_spherical_0048,coma_spherical,3,1,0.13913590812918086,0.8616975109789382,0.0318823110062979,-1.0683926123189256,6.592358675609235,0.2219714935622328,5.879999682406669,0.8800027905828453,1.0,5.27991929981673e-14,264.3651960784314,3.4194852941176475,0.5287696020257258,12.83260554523083,12.83260554523083
99,coma_spherical_0049,coma_spherical,3,1,-0.4249914679995974,0.8364799466463776,0.0464688092517428,-1.4928961829017608,4.88760873394829,0.22469447024544237,5.949700708151315,0.8638098809305608,1.0,1.609773733326442e-13,277.8635416666666,3.5568014705882356,0.5148245823428923,12.742065173573476,12.742065173573476
100,astigmatism_trefoil_0000,astigmatism_trefoil,2,2,0.3328858058894131,0.8111501079785485,0.08672467639073639,-1.6841287596400027,4.177266249627571,0.2575500592766746,5.5070666709809935,0.8629537496670069,1.0,1.7065196596786572e-13,177.91476715686275,2.361458333333333,0.6311821733630306,12.995288335312999,12.995288335312999
101,astigmatism_trefoil_0001,astigmatism_trefoil,2,2,0.0008894234428107328,0.8740399256997755,0.04565600773155927,-1.5808373310039667,6.326403842186941,0.2915441192568347,5.037688877435484,0.8997787502763267,1.0,1.3157322701050812e-14,231.89099264705885,2.347365196078431,0.6633157370622528,12.96148281641683,12.96148281641683
102,astigmatism_trefoil_0002,astigmatism_trefoil,2,2,-0.5832764547501581,0.7448414667652673,0.10287005054406696,-1.6037093208999436,2.795749175662979,0.23149338391170618,6.141672811948617,0.810961689080996,1.0,5.299910607796521e-12,199.18106617647058,2.756924019607843,0.5378017814831532,12.740771084258169,12.740771084258169
103,astigmatism_trefoil_0003,astigmatism_trefoil,2,2,-0.4418133386561748,0.8091544743742325,0.07405991715634198,-1.5735995684922786,4.382755885941538,0.24094688547139997,5.8456276846456525,0.8536924976571965,1.0,3.1966247261988587e-13,193.9235294117647,2.2103553921568624,0.6053484088109191,12.795742753112709,12.795742753112709
104,astigmatism_trefoil_0004,astigmatism_trefoil,2,2,-0.4538009944457626,0.8008846863009702,0.07416901317187674,-1.6228529820745774,3.6444611314663,0.23975092260029665,5.92591138201107,0.8459227470184735,1.0,5.383997585492167e-13,239.36409313725488,2.373774509803922,0.6052160330756028,12.753338313177009,12.753338313177009
105,astigmatism_trefoil_0005,astigmatism_trefoil,2,2,0.23311492277146373,0.8995785178111437,0.027561702789825674,-1.4556468954634854,8.483761104184735,0.266997743182982,5.107262753823676,0.9147694859892955,1.0,4.495647557493601e-15,106.68259803921569,1.4084558823529414,0.725713437621561,13.038814026861543,13.038814026861543
106,astigmatism_trefoil_0006,astigmatism_trefoil,2,2,-0.3602692180079309,0.8361197458371055,0.07082857131723799,-1.4431178242605582,5.464022658682955,0.24728572148895214,5.57221229480408,0.8774535889127948,1.0,6.301441999969725e-14,167.79276960784313,1.9582107843137253,0.6634891011655872,12.983283903623855,12.983283903623855
107,astigmatism_trefoil_0007,astigmatism_trefoil,2,2,0.258488555538962,0.8912406491849623,0.03999120583561861,-1.3760211015424513,8.23061588109818,0.26841175924773303,5.0626272806723716,0.9134008433296149,1.0,4.962398229215287e-15,133.13210784313728,1.5137867647058825,0.7269414668679908,13.073679394121726,13.073679394121726
108,astigmatism_trefoil_0008,astigmatism_trefoil,2,2,-0.4427306981312241,0.7973099851746211,0.08844165104789939,-1.5043690229792408,4.048107661258145,0.23813503214550033,5.842400713161746,0.8509670166975063,1.0,3.8401555797573274e-13,155.25575980392153,2.2797794117647054,0.6159059631987065,12.901889205539819,12.901889205539819
109,astigmatism_trefoil_0009,astigmatism_trefoil,2,2,0.5130750612078091,0.7711525100095595,0.09159442488878566,-1.631839705081108,3.1909735195309,0.2357267553571943,6.0348244202952745,0.828414520987428,1.0,1.712823273036329e-12,254.397487745098,2.5614583333333334,0.579932114244152,12.783704142942353,12.783704142942353
110,astigmatism_trefoil_0010,astigmatism_trefoil,2,2,-0.23886156986287227,0.8626267696730824,0.04324150508036845,-1.5623201868158947,5.457172554311105,0.254193362072323,5.479618719250304,0.8873367167186228,1.0,3.165179686815886e-14,167.05937500000002,1.8815563725490194,0.6735878959128356,12.851239198744242,12.851239198744242
111,astigmatism_trefoil_0011,astigmatism_trefoil,2,2,0.19543705531629896,0.8376596578075519,0.07056865627760434,-1.6259373783752815,5.205984456842852,0.2787179445047235,5.271922422604267,0.8787732122657526,1.0,5.75048947627526e-14,220.55575980392157,2.37640931372549,0.6449320115359494,12.963246759546397,12.963246759546397
112,astigmatism_trefoil_0012,astigmatism_trefoil,2,2,-0.25626452774153397,0.8383690134170331,0.07251039540316076,-1.6073533101086668,5.285815387828394,0.27742375787598617,5.248399394434164,0.8805526662619394,1.0,5.0819359693554827e-14,194.28161764705882,2.1959558823529415,0.657247018954667,12.99186356725084,12.99186356725084
113,astigmatism_trefoil_0013,astigmatism_trefoil,2,2,-0.5701686103364924,0.7409211919352605,0.10802045897332427,-1.6430995671270572,2.6903166080963654,0.23268244584122116,6.114968937942416,0.8105459096387395,1.0,5.4428667032324045e-12,290.62898284313724,2.7675245098039216,0.566848130956265,12.82243870764685,12.82243870764685
114,astigmatism_trefoil_0014,astigmatism_trefoil,2,2,0.1607701340173021,0.8668641811765793,0.05288619233748669,-1.5591464324761697,6.609724939787437,0.2902097940362426,5.067419616416618,0.8968498764812469,1.0,1.6195246694472392e-14,194.47849264705883,2.1004901960784315,0.671336678160223,12.942756077039522,12.942756077039522
115,astigmatism_trefoil_0015,astigmatism_trefoil,2,2,-0.4315924835233048,0.8178995041961863,0.06498919613445178,-1.606216950913415,4.101547504193719,0.24217793269354207,5.834388032318191,0.8567081154622145,1.0,2.6077014838428235e-13,204.38296568627453,2.1916666666666673,0.6174666515178362,12.81071915881169,12.81071915881169
116,astigmatism_trefoil_0016,astigmatism_trefoil,2,2,0.5594782945718181,0.7470557252023574,0.10451308330860067,-1.6423875938864225,2.771906268547967,0.23311007358400473,6.109507061378174,0.8140057369983463,1.0,4.359732933989354e-12,275.90177696078433,2.7342524509803923,0.5649702575085397,12.8203804164608,12.8203804164608
117,astigmatism_trefoil_0017,astigmatism_trefoil,2,2,0.5196278659202535,0.7711875507852,0.09376091356487483,-1.5675608603633862,3.4533890697167275,0.23429118210806507,6.019746519620746,0.8297536695013468,1.0,1.5690649965516026e-12,170.0482843137255,2.4971813725490195,0.5667855665346856,12.806918251412888,12.806918251412888
118,astigmatism_trefoil_0018,astigmatism_trefoil,2,2,-0.03914207813365023,0.899459654840008,0.03174967344857032,-1.5267021724318517,7.825075177887762,0.3046959054898899,4.7749491202698024,0.9169391169175174,1.0,3.8428615751122636e-15,167.7702205882353,1.9408088235294116,0.6983595666442448,12.920608181081672,12.920608181081672
119,astigmatism_trefoil_0019,astigmatism_trefoil,2,2,-0.5785958592276147,0.7540176537652419,0.09847185701040989,-1.5211134494799747,3.073391645704107,0.23061799694719703,6.139447750892077,0.8167095439628768,1.0,3.663228849847542e-12,155.0840073529412,2.69656862745098,0.5435273734708281,12.775293405354859,12.775293405354859
120,astigmatism_trefoil_0020,astigmatism_trefoil,2,2,0.3953143378592836,0.8227439841832045,0.07578019952976338,-1.4694837842686321,4.9940394378093,0.2435721920887416,5.6897998338817555,0.8675758543432478,1.0,1.2444335246868506e-13,167.36237745098038,2.048406862745098,0.6452015965899406,12.980082502800723,12.980082502800723
121,astigmatism_trefoil_0021,astigmatism_trefoil,2,2,-0.32083110964027955,0.8551910869534378,0.045542590747034206,-1.5780129649964396,5.014958597420345,0.250881594491379,5.558290613052122,0.8814161253072447,1.0,4.7856904005677065e-14,166.08633578431375,1.903125,0.6617505226476046,12.833912301453081,12.833912301453081
122,astigmatism_trefoil_0022,astigmatism_trefoil,2,2,0.12721898484001315,0.8828011230397366,0.04228367612203257,-1.5378218524003489,7.299757729148403,0.2965999680548988,4.942447527844624,0.9064333946640827,1.0,8.186281342023703e-15,174.36838235294115,1.9700367647058823,0.6838991445506173,13.070011590966828,13.070011590966828
123,astigmatism_trefoil_0023,astigmatism_trefoil,2,2,0.12372858880647075,0.9300961474382645,0.019371205541655112,-1.2629449073890178,12.994801656980131,0.2924700672964868,4.550704498802022,0.9404520450406585,1.0,6.852908100854239e-16,87.28756127450981,1.1093137254901961,0.7944969129231881,13.15273241969749,13.15273241969749
124,astigmatism_trefoil_0024,astigmatism_trefoil,2,2,-0.15097914791138073,0.920301451407357,0.02122402800170676,-1.349953562429112,11.385581191628361,0.28104837347089995,4.782160821104525,0.931761122533128,1.0,1.3027163561216599e-15,90.84154411764706,1.198406862745098,0.7703422639050008,13.137826196095936,13.137826196095936
125,astigmatism_trefoil_0025,astigmatism_trefoil,2,2,0.18231723069596906,0.8735483001126859,0.050346338708431734,-1.527235424121761,7.087962759514222,0.2940830217312509,4.991218538271048,0.9019051897722925,1.0,1.1310481467222154e-14,178.56397058823532,1.9517156862745098,0.6850355112919776,12.999121695341117,12.999121695341117
126,astigmatism_trefoil_0026,astigmatism_trefoil,2,2,-0.05532374150844033,0.9107823178584455,0.026729128772336904,-1.4843405103001832,9.201707887555145,0.3128694051258947,4.628587883993833,0.9253396994055423,1.0,2.085984249152372e-15,140.19669117647058,1.7253676470588235,0.7186118468866911,13.042399547507928,13.042399547507928
127,astigmatism_trefoil_0027,astigmatism_trefoil,2,2,-0.3160051644029026,0.8651493105995144,0.05326001187385937,-1.3956634207712808,6.832421387987427,0.2552679880935452,5.376124652849607,0.8954012181724316,1.0,1.7943320837087887e-14,153.92156862745094,1.7164215686274509,0.693964033687806,12.973375221067869,12.973375221067869
128,astigmatism_trefoil_0028,astigmatism_trefoil,2,2,0.3798825161086924,0.8147897142053053,0.08386647749331219,-1.6074753101462291,4.469640769300769,0.24589790497140862,5.631459769949942,0.8647246705559379,1.0,1.5123557910606894e-13,165.01372549019607,2.18296568627451,0.641437952971331,12.936231178311683,12.936231178311683
129,astigmatism_trefoil_0029,astigmatism_trefoil,2,2,-0.5201293716537861,0.7672776068296613,0.09365950902729855,-1.6360008419387977,3.1132438051292453,0.2351864756780536,6.0501133395594735,0.8260595831836532,1.0,1.997623471298155e-12,260.6869485294117,2.5927696078431373,0.5779952931525538,12.867638590255137,12.867638590255137
130,astigmatism_trefoil_0030,astigmatism_trefoil,2,2,-0.42459210696876204,0.8080741435252656,0.08278687461075161,-1.4894474484185107,4.462752205368653,0.2404067500363562,5.781825118064205,0.8577707712698325,1.0,2.426726935805192e-13,163.16341911764704,2.1675857843137254,0.6280830035839865,12.96420168813423,12.96420168813423
131,astigmatism_trefoil_0031,astigmatism_trefoil,2,2,-0.22759839129111065,0.867295764251875,0.05583180240155297,-1.5252430835464807,6.794886982451852,0.28987795035400565,5.0286837610725925,0.8989069724341874,1.0,1.3997556347922953e-14,175.9988970588235,1.9033700980392154,0.6890660979670854,12.939071932370327,12.939071932370327
132,astigmatism_trefoil_0032,astigmatism_trefoil,2,2,0.5051645669849402,0.7769389425560838,0.09252797200545414,-1.543992128300598,3.6022182198921637,0.23473425285270186,5.991675498826905,0.8343632856649551,1.0,1.1590993825881278e-12,159.50484068627452,2.439828431372549,0.5785854393922178,12.870615985212657,12.870615985212657
133,astigmatism_trefoil_0033,astigmatism_trefoil,2,2,-0.2583359011944773,0.8620027974308567,0.059529375944005536,-1.531641934249262,6.51815395791621,0.27842003842187524,5.120264514394356,0.8958672885660175,1.0,1.7361569351629403e-14,174.1175857843137,1.8854779411764708,0.6894672467650231,13.014280982062637,13.014280982062637
134,astigmatism_trefoil_0034,astigmatism_trefoil,2,2,-0.461411923601574,0.7845239054162341,0.09478911811378737,-1.668909348378432,3.5234086526219954,0.23732624826429982,5.875644794450944,0.8427733243781079,1.0,6.641872033221857e-13,150.3110294117647,2.484803921568627,0.5976423125431041,12.88239946679881,12.88239946679881
135,astigmatism_trefoil_0035,astigmatism_trefoil,2,2,-0.5335255090028879,0.766330312370458,0.09538539130765814,-1.5603518597941883,3.3396726852206715,0.23328037588118264,6.051615055856096,0.8262248719116739,1.0,1.976201358212002e-12,164.89301470588234,2.5446691176470586,0.5607163408157458,12.85606005026578,12.85606005026578
136,astigmatism_trefoil_0036,astigmatism_trefoil,2,2,-0.5359416808473895,0.7588836266585733,0.09823244654062704,-1.6399101148557675,2.9659177348854735,0.2343293810931606,6.075781855356001,0.821058344669303,1.0,2.765348845656416e-12,269.04264705882355,2.653676470588235,0.5729694564462279,12.787621519600954,12.787621519600954
137,astigmatism_trefoil_0037,astigmatism_trefoil,2,2,0.21685743215940767,0.9096680495402205,0.025341676766065083,-1.3836655972653675,9.84401510554124,0.27319212451774405,4.9494702984069505,0.9234920882825008,1.0,2.3871400269649543e-15,99.75539215686274,1.2986519607843139,0.7489383783162016,13.067922970797365,13.067922970797365
138,astigmatism_trefoil_0038,astigmatism_trefoil,2,2,-0.21841068365754068,0.8595747713647176,0.04560013031770729,-1.559041890431478,5.50291885104615,0.25395094919367633,5.497929298443143,0.8857024996489588,1.0,3.5487653846890847e-14,177.98363970588235,1.9388480392156864,0.6704939258962086,12.933205503594253,12.933205503594253
139,astigmatism_trefoil_0039,astigmatism_trefoil,2,2,0.45000593068153016,0.7965716078366971,0.0876175345108732,-1.5017751617358723,4.084925881178756,0.23793079940480882,5.8580639378527914,0.8497904806023742,1.0,4.155818069960023e-13,157.46335784313723,2.2691789215686273,0.6134841154461248,12.910187106899828,12.910187106899828
140,astigmatism_trefoil_0040,astigmatism_trefoil,2,2,-0.5478299255846496,0.7608195771486231,0.09698133968178332,-1.568142581459109,3.2027497043612048,0.23273665146804198,6.0772979656871575,0.8220874458683779,1.0,2.5867706290679816e-12,169.72089460784315,2.6009803921568624,0.5524009037411798,12.772662499090714,12.772662499090714
141,astigmatism_trefoil_0041,astigmatism_trefoil,2,2,-0.31590615467472477,0.8643280432320416,0.054016312701996805,-1.395171643265408,6.78868957905689,0.255138637854057,5.378971747621458,0.8950303229608072,1.0,1.8419945711937187e-14,155.19895833333334,1.725735294117647,0.6934020752436683,13.023948706869087,13.023948706869087
142,astigmatism_trefoil_0042,astigmatism_trefoil,2,2,0.08547918209132721,0.9371864663299998,0.017807885203250752,-1.2578834990660261,14.32180976719637,0.31552866768187166,4.27717004986617,0.9466395078779265,1.0,4.321968221940237e-16,85.52267156862744,1.073345588235294,0.8057910346883382,13.18257563994086,13.18257563994086
143,astigmatism_trefoil_0043,astigmatism_trefoil,2,2,-0.5408950560868871,0.7570800979236605,0.09916122674618048,-1.637958577100057,2.943646701760057,0.23405122091306688,6.0798265775415805,0.8199582315083371,1.0,2.96962990628936e-12,257.42555147058823,2.661029411764706,0.5678454917342032,12.773330399913982,12.773330399913982
144,astigmatism_trefoil_0044,astigmatism_trefoil,2,2,0.028503538461164712,0.8688279699897291,0.047706809626757815,-1.602705005516042,5.910750273367132,0.28850326100459955,5.093245859834094,0.8958620714503052,1.0,1.7367977487805568e-14,228.08517156862743,2.350612745098039,0.6567101265128704,12.920994704011317,12.920994704011317
145,astigmatism_trefoil_0045,astigmatism_trefoil,2,2,0.4001502645462717,0.8015156992775285,0.08989089772828918,-1.6762344776313267,3.9572831391577674,0.24497474399616853,5.689250086085513,0.85575598970538,1.0,2.7810762492544904e-13,160.119056372549,2.334129901960784,0.6241243617646115,12.844926138635973,12.844926138635973
146,astigmatism_trefoil_0046,astigmatism_trefoil,2,2,0.5098102428216745,0.7751018722219037,0.09427418927649275,-1.5081735127271276,3.499231442799134,0.23374390696342373,6.007797769230717,0.8337008465861079,1.0,1.2107822037772194e-12,147.72720588235293,2.481740196078431,0.5821429952794382,12.927530507969268,12.927530507969268
147,astigmatism_trefoil_0047,astigmatism_trefoil,2,2,0.4122899419173033,0.8041994675960634,0.08759311998346656,-1.5859123704739788,4.1511910954795255,0.2405098750337214,5.753815688766541,0.8569305127402446,1.0,2.568760823182624e-13,158.4407475490196,2.2575367647058826,0.6264422293019982,12.941777101707121,12.941777101707121
148,astigmatism_trefoil_0048,astigmatism_trefoil,2,2,0.5754848167039112,0.7497860640557503,0.10057042712990533,-1.5847048091913154,2.9319032081522947,0.23162879838643596,6.128218683196858,0.8140943243765547,1.0,4.3349794274915704e-12,182.6311274509804,2.712745098039216,0.5384985234926382,12.759961620283386,12.759961620283386
149,astigmatism_trefoil_0049,astigmatism_trefoil,2,2,0.3353730489255947,0.8693358803439927,0.04249293498083212,-1.4898451210163295,6.605022934752804,0.2547241032321464,5.430654429927168,0.8934415525563476,1.0,2.0606588806700523e-14,137.28584558823528,1.6813112745098038,0.6771983731778702,12.915087475866024,12.915087475866024
150,defocus_coma_0000,defocus_coma,2,0,0.6695912509875095,0.5963172750158613,0.13339591862708075,-0.2496241292634915,1.5694811575326078,0.2168409748212212,6.6852771797075885,0.6992783502364583,1.0,4.1317707922037896e-09,250.96605392156863,4.6217524509803924,0.4301286143335177,12.578909957223136,12.578909957223136
151,defocus_coma_0001,defocus_coma,2,0,0.08656328627432952,0.8116236432994246,0.04901456874854761,-1.312232484405185,3.269297528657787,0.22255971750560138,6.173053843531434,0.841277306903722,1.0,7.336446260914913e-13,269.33615196078426,3.1925857843137253,0.52057798519738,12.589004262967938,12.589004262967938
152,defocus_coma_0002,defocus_coma,2,0,0.8581731458941382,0.5546508993216753,0.1411917145578342,-0.19686316298454667,1.4547573050993385,0.2168374317443034,6.694961784981372,0.6699472626081678,1.0,2.01699511392075e-08,75.50131740196078,5.131587009803922,0.3669635801964718,12.576813993384647,12.576813993384647
153,defocus_coma_0003,defocus_coma,2,0,-0.27578520935915163,0.8154637867474096,0.05271093394414696,-1.2669405992740743,3.7954994661357393,0.22249629653321587,6.1613781278246025,0.8471671154149998,1.0,4.954305157306554e-13,213.85119485294115,2.688020833333333,0.564317394730421,12.684214957965773,12.684214957965773
154,defocus_coma_0004,defocus_coma,2,0,-0.5604880379979694,0.6247207761144771,0.13249551067972504,-0.8035039094211844,1.6983363253019952,0.21738571327890605,6.646873549293321,0.7230294314817342,1.0,1.0887953781040746e-09,250.04966299019605,4.120557598039214,0.4807289751109269,12.668264036120833,12.668264036120833
155,defocus_coma_0005,defocus_coma,2,0,-0.05309454234301003,0.9221932774166434,0.018245044294170544,-1.3285527503998258,11.91912181540644,0.2541327634483259,4.955065408049529,0.9320329850421715,1.0,1.2769163158617121e-15,82.14405637254902,1.2397058823529412,0.7586809869016056,13.160592443622019,13.160592443622019
156,defocus_coma_0006,defocus_coma,2,0,-0.6418321427307031,0.5465076508213377,0.15728542099829154,-0.21721551244858434,1.3276218733059622,0.21878533511709727,6.528774428085257,0.6752451654062758,1.0,1.522354345402724e-08,356.78167892156864,4.7749387254901965,0.43141634291760117,12.829044242430667,12.829044242430667
157,defocus_coma_0007,defocus_coma,2,0,-0.32065812041700614,0.7752375822651855,0.0733814053062119,-1.2435150071278944,3.171273657351258,0.2204000380125539,6.361456634365384,0.8212032113080064,1.0,2.7394975411759704e-12,265.66360294117646,3.0654411764705882,0.5397473983171717,12.714088159715047,12.714088159715047
158,defocus_coma_0008,defocus_coma,2,0,-0.28928620865537047,0.8017773027583712,0.06418477821389831,-1.359434596428835,3.6644855225354442,0.2221413835727451,6.214257321455896,0.8408517238088933,1.0,7.546746917305094e-13,228.8850490196078,2.725919117647059,0.5760702550762492,12.728782497717066,12.728782497717066
159,defocus_coma_0009,defocus_coma,2,0,-0.4874964610289153,0.664395471755119,0.12723666067677436,-1.0969288347922328,1.9595786065745704,0.21810752677848305,6.549056394389108,0.7540941609411133,1.0,1.779144785249493e-10,202.58458946078431,3.6108149509803917,0.5222088082898673,12.762706060568386,12.762706060568386
160,defocus_coma_0010,defocus_coma,2,0,0.999235246891627,0.6100282605884403,0.1404024575885997,-0.8388974683556998,1.5505523740766838,0.21685169243879673,6.614211469248923,0.7159168501335597,1.0,1.6308781756912811e-09,61.745925245098036,5.324111519607842,0.3619432823107984,12.680115602320292,12.680115602320292
161,defocus_coma_0011,defocus_coma,2,0,-0.4119331079887468,0.6832529253309246,0.10458798742667744,-1.0597865495502055,1.8611557747434884,0.21752500280426043,6.648507952409053,0.755924961487543,1.0,1.5951901973894584e-10,454.3159313725491,4.313480392156864,0.43828609954974584,12.524742468208645,12.524742468208645
162,defocus_coma_0012,defocus_coma,2,0,0.8365451730566991,0.5549825797050032,0.14576970761349997,-0.21773227203349313,1.414690074534574,0.21713910338998996,6.655734253076139,0.6736285114137615,1.0,1.6592192056355037e-08,130.26583946078432,5.097212009803921,0.37844216368285355,12.636910290026862,12.636910290026862
163,defocus_coma_0013,defocus_coma,2,0,0.7305403870729859,0.5269942081587208,0.15451481330399036,0.3958608095447378,1.332060700664306,0.21819040965683464,6.561254888628943,0.6574478753002609,1.0,3.88304629860426e-08,211.3160232843137,4.908363970588235,0.4016558608800391,12.767682882198809,12.767682882198809
164,defocus_coma_0014,defocus_coma,2,0,0.31900231024228987,0.7716433634143702,0.0807213413194191,-1.3653284338554343,3.183926294193077,0.22059659868064366,6.345165639154679,0.8222863379753194,1.0,2.5535861454987525e-12,261.71485906862745,2.9839767156862744,0.5612096397310098,12.639805094960026,12.639805094960026
165,defocus_coma_0015,defocus_coma,2,0,0.5637435895446978,0.6094889388167811,0.13703410637670765,-0.6528458781529011,1.606056781788215,0.2176018766895506,6.639945337321453,0.7130994831835973,1.0,1.911830652013788e-09,291.91087622549026,4.309283088235294,0.4618654923667141,12.645486994012291,12.645486994012291
166,defocus_coma_0016,defocus_coma,2,0,0.46751550916439566,0.6648265339855807,0.1287766066160746,-1.1714071233498249,1.9866158715322138,0.21838629968712206,6.533654839729573,0.7554938298274546,1.0,1.636758761098817e-10,242.05612745098037,3.646813725490196,0.529740103094167,12.738662508254691,12.738662508254691
167,defocus_coma_0017,defocus_coma,2,0,-0.8829531904762946,0.5661747263585244,0.14234078808399636,-0.31258739804065766,1.4497743937929628,0.216776512933312,6.689554784517151,0.6803635857768596,1.0,1.157582835912795e-08,84.39482230392156,5.17564338235294,0.3673952562629584,12.601381674691064,12.601381674691064
168,defocus_coma_0018,defocus_coma,2,0,-0.9717702042481569,0.5984526577720803,0.14352380606006748,-0.7291675184751156,1.4926803643094326,0.21728579659232058,6.594806335622363,0.708286234268699,1.0,2.504657936310372e-09,100.36789215686274,5.550428921568628,0.37100570871322014,12.660972584626338,12.660972584626338
169,defocus_coma_0019,defocus_coma,2,0,-0.9972162748235514,0.6036098333992322,0.14712677384558892,-0.8840212956794384,1.4924872196654075,0.21755217542758443,6.541078773346465,0.7151724301326483,1.0,1.7009318178111402e-09,265.89620098039217,6.212377450980392,0.39457528331004915,12.75219659933576,12.75219659933576
170,defocus_coma_0020,defocus_coma,2,0,-0.8702209679092747,0.6033705360864624,0.13795892647934704,-0.65956622581097,1.5111817105129433,0.21699587427632072,6.636663867530499,0.7085301195408789,1.0,2.4707228881153763e-09,257.8420649509804,5.6412683823529415,0.40166692801247217,12.627442724982965,12.627442724982965
171,defocus_coma_0021,defocus_coma,2,0,0.722122022604232,0.5311934898615637,0.1548244531389702,0.19544286392514554,1.3352297274331446,0.21836339402729787,6.560356010850543,0.661052930415014,1.0,3.218670776819868e-08,237.0696691176471,4.893198529411764,0.40587399539224495,12.708883108967184,12.708883108967184
172,defocus_coma_0022,defocus_coma,2,0,0.6782978511109126,0.5755388641771982,0.14134602247175154,-0.23300150019438423,1.4456801403125805,0.2170418810041775,6.665138171328729,0.6874525486534551,1.0,7.894140065338902e-09,278.5424632352941,4.753063725490197,0.4159160187505129,12.6248494044831,12.6248494044831
173,defocus_coma_0023,defocus_coma,2,0,1.0704649507615926,0.6223394299225546,0.13936051191446147,-0.9600940649388351,1.590901711699318,0.21709510831163437,6.573655561597626,0.7257181808049123,1.0,9.335982157349909e-10,130.61565563725492,6.113878676470588,0.36711197602563705,12.6601472046616,12.6601472046616
174,defocus_coma_0024,defocus_coma,2,0,0.21618214885994202,0.7775422729071982,0.0857036079966476,-1.4836637870793599,3.5168357094872587,0.22211831790192688,6.25640293986451,0.8308282579175673,1.0,1.4623327692992092e-12,197.2219669117647,2.610263480392157,0.5841877604486623,12.812020252984286,12.812020252984286
175,defocus_coma_0025,defocus_coma,2,0,0.2787976800578911,0.7757007290738291,0.08987606008102911,-1.44424167900574,3.337122282389349,0.22250356415100148,6.2267410143024176,0.8316175089346658,1.0,1.3885136088047467e-12,220.24384191176466,2.673376225490196,0.5995462460152936,12.827290478963754,12.827290478963754
176,defocus_coma_0026,defocus_coma,2,0,0.15588146753386045,0.8629083637543786,0.033040614176899005,-1.2894170797105788,5.398567511859558,0.2273902270288093,5.814882440515049,0.881845484432595,1.0,4.6447719534662823e-14,159.4890625,2.222395833333333,0.613209155898399,12.845357917997182,12.845357917997182
177,defocus_coma_0027,defocus_coma,2,0,-0.08163563284505448,0.8430910764831917,0.03756576257167611,-1.3051355292788431,4.310649386294119,0.2250631335487326,5.97328919803315,0.865082843326154,1.0,1.475812846589016e-13,200.7406556372549,2.6519914215686273,0.5653055439878116,12.632509590356907,12.632509590356907
178,defocus_coma_0028,defocus_coma,2,0,0.633416136015811,0.5861673003193182,0.1396080081637044,-0.407933791998982,1.4854219917658986,0.2171006338549655,6.674341298795844,0.6951259685318497,1.0,5.192888139044584e-09,286.34690563725496,4.595189950980392,0.4307733612026707,12.648793111374728,12.648793111374728
179,defocus_coma_0029,defocus_coma,2,0,-0.018832282618970186,0.9175782231702663,0.016329822459060513,-1.4202623124329965,11.461652204083627,0.25719735263070165,5.023148487113325,0.9264338174394129,1.0,1.9256338965326958e-15,74.64693627450978,1.2708946078431373,0.7339074993910023,13.145807631055996,13.145807631055996
180,defocus_coma_0030,defocus_coma,2,0,1.0349669656562444,0.6073458315844129,0.1461033437318286,-0.9326743111667491,1.5064318819055886,0.2174049053257939,6.5483168221053045,0.717615706959366,1.0,1.4813801831199297e-09,225.30689338235294,6.28483455882353,0.3826404228129039,12.742866259890459,12.742866259890459
181,defocus_coma_0031,defocus_coma,2,0,-0.9189514418397348,0.5982841624419968,0.14464224653334373,-0.7412772046714422,1.480914484491885,0.2174571470364435,6.577070689725337,0.7089331319400055,1.0,2.4156261313451357e-09,242.71905637254903,5.788235294117648,0.3954573688048088,12.700493846775185,12.700493846775185
182,defocus_coma_0032,defocus_coma,2,0,0.3788718840972667,0.7214996835621019,0.08684657025820347,-1.1259775587923626,2.1783113220418158,0.21830195833050445,6.572043216492463,0.7793640764356647,1.0,3.853242442986556e-11,372.55419730392157,3.8748468137254903,0.46199851283614113,12.527983908210786,12.527983908210786
183,defocus_coma_0033,defocus_coma,2,0,0.6583713987404238,0.5495435918338163,0.15387481386894974,-0.1967875795069423,1.3436944320747146,0.2180307235495411,6.574813880922683,0.6751836588622105,1.0,1.527354469137063e-08,327.5269914215686,4.793841911764706,0.4226843382625374,12.721798625414426,12.721798625414426
184,defocus_coma_0034,defocus_coma,2,0,-0.39926938001222834,0.6983483708108115,0.12238559053011548,-1.3005605848546928,2.3078767596836496,0.21972276474915475,6.413227681279327,0.7810736441234143,1.0,3.468074158540087e-11,216.95330882352943,3.2594362745098033,0.5599716583675204,12.833958019474183,12.833958019474183
185,defocus_coma_0035,defocus_coma,2,0,0.6300771529695655,0.5693749354180669,0.1472120247209851,-0.3759064807803712,1.3980229865532638,0.2175894845223915,6.626063311112363,0.6865856405455281,1.0,8.27423130760251e-09,325.78235294117644,4.695772058823529,0.4271718570503641,12.675532456272581,12.675532456272581
186,defocus_coma_0036,defocus_coma,2,0,-0.32593915734707035,0.768899264503304,0.07802190411435776,-1.261188010228031,3.1063837190313883,0.2202573611659999,6.377932500284173,0.8180635568634502,1.0,3.35670328737037e-12,271.27031249999993,3.0939644607843135,0.5422372078052363,12.615320128700969,12.615320128700969
187,defocus_coma_0037,defocus_coma,2,0,-0.8217320433000008,0.5837952346927442,0.14189790909863387,-0.5460556569352011,1.465507367012377,0.21655275425049236,6.680348174092288,0.6947767880035933,1.0,5.293342850235522e-09,226.9175245098039,5.242892156862745,0.39215283248606425,12.684026024893967,12.684026024893967
188,defocus_coma_0038,defocus_coma,2,0,1.0467059121017857,0.6267233642410688,0.14016275759597271,-1.0318934098817054,1.6018339524254719,0.2176212912115644,6.523718584669348,0.7300307752976009,1.0,7.28653634895735e-10,66.09978553921569,5.467003676470589,0.36753299162074005,12.722285930178753,12.722285930178753
189,defocus_coma_0039,defocus_coma,2,0,-0.28003242533421635,0.8007730968052771,0.07065642795863336,-1.4200839604176216,3.7288387689211873,0.22316550074567806,6.160081221107477,0.8437380994868887,1.0,6.22864215065927e-13,225.59212622549018,2.625643382352941,0.598607639189066,12.813528795018389,12.813528795018389
190,defocus_coma_0040,defocus_coma,2,0,0.12718335660695979,0.7870328773507802,0.07463203062048057,-1.519395024635832,3.5101158668506227,0.22395907516440536,6.213014569961784,0.833098301913723,1.0,1.2597529142125644e-12,201.70867034313721,2.600091911764706,0.5725109230072917,12.744288985384468,12.744288985384468
191,defocus_coma_0041,defocus_coma,2,0,0.6727235853825413,0.5294504985226482,0.16122599832770126,-0.008543857933671312,1.287796217035403,0.219035398951376,6.491112005962897,0.6644876437629085,1.0,2.6891605544528037e-08,316.7387867647059,4.8201593137254894,0.422752774387922,12.802242453906864,12.802242453906864
192,defocus_coma_0042,defocus_coma,2,0,-0.29673726364601705,0.720746267831442,0.11156639761797721,-1.4270121977839318,2.6577600542175874,0.22004178554097176,6.393433809180194,0.79438125620569,1.0,1.5157539829173814e-11,188.3706495098039,3.018933823529411,0.5547198150163543,12.74948495603457,12.74948495603457
193,defocus_coma_0043,defocus_coma,2,0,0.5226245664087443,0.6536869222862057,0.12718780407220842,-0.9978392991622661,1.8830442179059126,0.21759848188181322,6.598129150798302,0.744643805077448,1.0,3.1120746318867007e-10,204.34185049019607,3.76875,0.5079619601623246,12.655397154115228,12.655397154115228
194,defocus_coma_0044,defocus_coma,2,0,-0.9156514146791007,0.5921669117881665,0.1462896117447836,-0.7123407654917113,1.4745907019258029,0.2177541701366292,6.579325798201561,0.704947702430129,1.0,3.0174627849600322e-09,201.04157475490194,5.622518382352942,0.38986764861108814,12.67556249219071,12.67556249219071
195,defocus_coma_0045,defocus_coma,2,0,0.32897732157889825,0.7354906659272669,0.10922862669144486,-1.4129451973433325,2.7555182432287952,0.2208843785450008,6.33043454000981,0.8063343886735697,1.0,7.121619604156418e-12,218.29292279411766,2.9558517156862747,0.5777734101599827,12.866145339845922,12.866145339845922
196,defocus_coma_0046,defocus_coma,2,0,0.21181919992612963,0.8600034827253226,0.04127783121421566,-1.4087334826149713,5.350918896980715,0.23074048297179273,5.736976446494016,0.8836763103726952,1.0,4.088318233764502e-14,154.43223039215684,2.0179534313725487,0.6528411581339564,12.827186272098183,12.827186272098183
197,defocus_coma_0047,defocus_coma,2,0,-1.1704735538673532,0.6562426273723495,0.13353264069547455,-1.3232917041531571,1.7948692157193529,0.2170969793593672,6.517125988199594,0.751123842436145,1.0,2.1225960339626693e-10,108.05337009803922,6.378982843137255,0.3549307656985684,12.754313921684055,12.754313921684055
198,defocus_coma_0048,defocus_coma,2,0,0.7809588268711707,0.5517954584377571,0.14859903389632997,-0.15359255369988056,1.400200788872625,0.21793976174975016,6.610848915683737,0.6731101409493578,1.0,1.705583692247429e-08,206.992800245098,4.998988970588235,0.39519720141823156,12.623367999649808,12.623367999649808
199,defocus_coma_0049,defocus_coma,2,0,-0.09948460368347734,0.8854213108033712,0.026970902226582247,-1.3107687854232664,6.9222144542330515,0.23242707643488061,5.568359528695303,0.900523070138318,1.0,1.2479376073115718e-14,131.00625000000002,1.8892156862745098,0.6605781398137924,12.873835869831638,12.873835869831638
200,spherical_tilt_0000,spherical_tilt,4,0,-0.1980726085575084,0.6205920242751264,0.14267864213275067,-1.0447704551642742,1.5632600145639735,0.21825190255780508,6.544187416731445,0.7265074691471863,1.0,8.92293424244497e-10,206.10557598039213,4.890992647058823,0.3622238393779196,12.781369648991012,12.781369648991012
201,spherical_tilt_0001,spherical_tilt,4,0,0.2812940354315159,0.6008244313862564,0.1484535276929939,-0.855430699561079,1.4820053248112253,0.2193416606470143,6.500393057724094,0.7137531261182763,1.0,1.8427179149640674e-09,233.39313725490194,5.079718137254901,0.38290093010376314,12.729550026957623,12.729550026957623
202,spherical_tilt_0002,spherical_tilt,4,0,0.49703465783757306,0.5803382435155573,0.15640406875488178,-0.7254176262656845,1.398322970705103,0.21996766326229264,6.451418845086286,0.702279535257581,1.0,3.499592898726193e-09,378.14669117647054,6.307046568627451,0.4055179559509034,12.805669219793705,12.805669219793705
203,spherical_tilt_0003,spherical_tilt,4,0,-0.21609156213596104,0.5786457935108277,0.14356257893679147,-0.5545272245770533,1.4623933807236855,0.2175815782292072,6.6619287906406806,0.6916599838682059,1.0,6.2779666783130144e-09,173.59430147058825,4.313051470588236,0.37300247893680427,12.668852230723552,12.668852230723552
204,spherical_tilt_0004,spherical_tilt,4,0,-0.39358046812861713,0.6022348109882549,0.13881507347304575,-0.6759537758123695,1.5223946650837543,0.21667507420326798,6.648770527062538,0.7081679469159169,1.0,2.521280045320917e-09,200.48823529411763,6.142279411764705,0.3348246316395514,12.645067666160346,12.645067666160346
205,spherical_tilt_0005,spherical_tilt,4,0,0.1656847361065369,0.7078704018451569,0.0968726407387533,-0.9896119219048325,2.3549724791402062,0.2181873090137385,6.611378512623276,0.7732743022674279,1.0,5.5967831528925724e-11,271.6604166666667,3.1686274509803924,0.4976219682844544,12.598056197495174,12.598056197495174
206,spherical_tilt_0006,spherical_tilt,4,0,-0.40955927301586725,0.5904935228314663,0.15437298730096558,-0.8465817780061362,1.4363330935161505,0.21919575342587508,6.463011990047302,0.709264117100873,1.0,2.371273762495415e-09,320.5385416666667,5.862745098039216,0.39644768233087013,12.803669821821442,12.803669821821442
207,spherical_tilt_0007,spherical_tilt,4,0,-0.4710004967955306,0.5688250069233134,0.14161027398182488,-0.17699841926439003,1.4578339651824475,0.21742024263342785,6.65643667888391,0.6820353088243545,1.0,1.0580418151923873e-08,134.03063725490196,4.82953431372549,0.39574791213105487,12.62064682010216,12.62064682010216
208,spherical_tilt_0008,spherical_tilt,4,0,-0.356978124833365,0.5592444205336098,0.14331060316460792,-0.06267429218197137,1.4008862012950587,0.2165336882454657,6.6818743443172535,0.6753257917942872,1.0,1.515823988082571e-08,206.32310049019605,4.402696078431372,0.403272574983393,12.597620029463384,12.597620029463384
209,spherical_tilt_0009,spherical_tilt,4,0,-0.3017957727871021,0.6064003573231564,0.14891652920627102,-0.9595008211573068,1.491659453592994,0.218720990302976,6.499729920942086,0.7187752935152425,1.0,1.3871040819294342e-09,259.6375,5.286642156862745,0.37758353342284784,12.69161357033248,12.69161357033248
210,spherical_tilt_0010,spherical_tilt,4,0,0.15626903932749014,0.6281717954542538,0.13569594027441756,-0.9558784664376293,1.659993857298809,0.21764838496755823,6.603510605422277,0.7282140790170418,1.0,8.089881310356039e-10,238.25655637254903,5.357843137254902,0.3336398308492693,12.645655068916152,12.645655068916152
211,spherical_tilt_0011,spherical_tilt,4,0,-0.49457016587129954,0.5933686200892188,0.14739590779199704,-0.7706578881692159,1.458344235384473,0.21708394222068014,6.583379544899973,0.7067405656240348,1.0,2.7305358980759993e-09,259.3882965686274,6.36875,0.3698340634563991,12.753268356350667,12.753268356350667
212,spherical_tilt_0012,spherical_tilt,4,0,0.10592517764772769,0.5645847660890916,0.1440400266993716,-0.23870391475445035,1.4368029850305584,0.21819725930844588,6.6561214217320765,0.680291102984043,1.0,1.1620986951729924e-08,184.29895833333333,3.776470588235294,0.37664168143346666,12.620511408266864,12.620511408266864
213,spherical_tilt_0013,spherical_tilt,4,0,-0.2614471793726115,0.5825645706763225,0.14543236432100362,-0.6180107913563546,1.461408084113494,0.21763193050624688,6.648692523789612,0.6962857483305913,1.0,4.872379734828835e-09,197.1579656862745,4.701899509803922,0.37624494149156934,12.696689449441505,12.696689449441505
214,spherical_tilt_0014,spherical_tilt,4,0,-0.4427680598467396,0.5631646337936429,0.14569924401029444,-0.3344319270744924,1.41526624417725,0.21756876319046106,6.6497045565117086,0.6803334834963088,1.0,1.1594562071444256e-08,246.91274509803918,5.272058823529411,0.3947345301592024,12.707680229506035,12.707680229506035
215,spherical_tilt_0015,spherical_tilt,4,0,0.4277954301722804,0.5630401439515503,0.1426479376454442,-0.15964148037271528,1.4280289760086826,0.21672040841259915,6.672185471394075,0.6779838798573509,1.0,1.315144796487112e-08,172.99675245098035,4.728370098039216,0.39603246076804044,12.652584341342,12.652584341342
216,spherical_tilt_0016,spherical_tilt,4,0,0.1981207839786372,0.5803287080962358,0.14332638562389646,-0.5741343645447483,1.4665983645368552,0.2176294462176407,6.66305050942161,0.6928981130473242,1.0,5.867154763746853e-09,164.4357843137255,4.216482843137255,0.37073062188708406,12.706194228150371,12.706194228150371
217,spherical_tilt_0017,spherical_tilt,4,0,-0.4598487004529336,0.5639460277772343,0.14537381701332974,-0.3328997739754319,1.4196998284415576,0.21741499072575887,6.650515246272592,0.6807414628616734,1.0,1.1343151971224196e-08,241.3486519607843,5.339031862745099,0.39357851667266175,12.684738377854725,12.684738377854725
218,spherical_tilt_0018,spherical_tilt,4,0,-0.3750763206943569,0.7975580326374414,0.05452089239030367,-0.9121679931765059,4.528833665963182,0.21843638696990342,6.230539055004952,0.8310353228442277,1.0,1.4426012174521201e-12,478.3570465686274,5.098223039215686,0.4502467760094221,12.582583250112071,12.582583250112071
219,spherical_tilt_0019,spherical_tilt,4,0,0.2451881283288445,0.7355104463492401,0.08709576494096374,-1.1174531516463218,2.6909760755439924,0.21850925135953056,6.547787974162998,0.7925095467121027,1.0,1.7043294238985864e-11,235.07126225490197,3.3591299019607836,0.4831942629875935,12.587603294952698,12.587603294952698
220,spherical_tilt_0020,spherical_tilt,4,0,0.351131099761935,0.5746846825872005,0.1487688347420564,-0.5405046198437536,1.4301791637058825,0.2177212845824598,6.61992741343545,0.6921208847754905,1.0,6.121868585046332e-09,270.2913602941176,5.290012254901961,0.39209444885266637,12.698224732065013,12.698224732065013
221,spherical_tilt_0021,spherical_tilt,4,0,0.23462109193516156,0.5635390056181198,0.1433938254234929,-0.21106600148447868,1.4283746881003674,0.2172464035768794,6.6718891302642485,0.6789477419334659,1.0,1.248962427631806e-08,210.70955882352942,4.203860294117647,0.38377449829581356,12.5628292072372,12.5628292072372
222,spherical_tilt_0022,spherical_tilt,4,0,-0.22924124868219975,0.5963411501037662,0.1387375698386809,-0.5043741672388424,1.5647683171137758,0.21834953190581727,6.615316570780695,0.7031076284223943,1.0,3.3424430779806283e-09,224.00067401960786,3.56875,0.463542002880053,12.701284625761598,12.701284625761598
223,spherical_tilt_0023,spherical_tilt,4,0,0.4802047848986818,0.6794884656362463,0.12533765921555212,-1.412153075732266,1.9352197062606271,0.22096064972515353,6.428243381821832,0.7661868141310266,1.0,8.610113940286407e-11,177.49859068627453,4.6642769607843135,0.44459987564834863,12.751508673874968,12.751508673874968
224,spherical_tilt_0024,spherical_tilt,4,0,-0.4454996850087044,0.6883659541429372,0.12086170006959411,-1.4403294009045824,1.9910148824509404,0.2207420190049201,6.442667681009744,0.7711740315212322,1.0,6.361412818479725e-11,171.8139705882353,4.394791666666666,0.44332788155700265,12.765922140582617,12.765922140582617
225,spherical_tilt_0025,spherical_tilt,4,0,-0.4576494484198329,0.5831778781079728,0.15595607558065486,-0.75655199563169,1.412960630491658,0.22052382701949128,6.437891304466926,0.7043099552719473,1.0,3.1264481107198644e-09,357.6416053921569,6.117463235294117,0.4050972320509067,12.749805198053856,12.749805198053856
226,spherical_tilt_0026,spherical_tilt,4,0,0.2095782851006207,0.5734951309312324,0.14317949082910097,-0.44999628844239414,1.4553246148249563,0.21753397478372247,6.665734600831306,0.6870779839515544,1.0,8.056234051799641e-09,179.13088235294117,4.20968137254902,0.37482734341177754,12.680776483822482,12.680776483822482
227,spherical_tilt_0027,spherical_tilt,4,0,-0.40827899417580193,0.5643887478555415,0.1473483243149581,-0.39098157464540617,1.40836583211666,0.21719803197629292,6.652540605661275,0.6825562123524364,1.0,1.0287636953051686e-08,274.7200367647059,5.306311274509804,0.3962671866369044,12.697279814612356,12.697279814612356
228,spherical_tilt_0028,spherical_tilt,4,0,0.4800271795541925,0.7321600390013228,0.08495481785591531,-1.0132667067338472,2.7366118795093204,0.21687547513055302,6.563312587584656,0.7880438696965631,1.0,2.2520027284928937e-11,447.7413602941176,5.42702205882353,0.42072319428973837,12.544672893582103,12.544672893582103
229,spherical_tilt_0029,spherical_tilt,4,0,0.28408094834140796,0.7120081471777372,0.0990922498536238,-1.175492127455936,2.375831006657743,0.2180036084210857,6.6015706858821535,0.7784907523542576,1.0,4.065862319213037e-11,208.7145220588235,3.5642769607843134,0.4637892500298292,12.580267428900182,12.580267428900182
230,spherical_tilt_0030,spherical_tilt,4,0,0.07241314995863735,0.5976253994618344,0.1429785590711326,-0.7138822713136805,1.4988429838601218,0.21813014840608047,6.6296930037475805,0.7072020059028747,1.0,2.6611016571504862e-09,122.42904411764708,3.9059436274509802,0.3424304246435921,12.670826164540452,12.670826164540452
231,spherical_tilt_0031,spherical_tilt,4,0,0.44602445355809506,0.6008864766203553,0.14172521594593865,-0.8062349963540162,1.5230814868092137,0.21695856044498826,6.640036948960834,0.7090767051110645,1.0,2.3962887405095217e-09,84.93321078431373,4.2224264705882355,0.4173309162895138,12.66586350349524,12.66586350349524
232,spherical_tilt_0032,spherical_tilt,4,0,0.07801721580754217,0.6152305855289713,0.1412394571338653,-0.9049479371583403,1.6008389616076866,0.2210117483485351,6.544521344562376,0.7209355938668766,1.0,1.2268281413483306e-09,374.88688725490204,3.4710171568627457,0.45018354332832256,12.716069325346114,12.716069325346114
233,spherical_tilt_0033,spherical_tilt,4,0,0.1492331552453089,0.6290955118605613,0.13762475200342755,-1.0615774146394783,1.6377761080166737,0.217905245797373,6.585079414635253,0.73033274269098,1.0,7.160780844002448e-10,206.91096813725488,5.039950980392156,0.3423713309767378,12.736420600040574,12.736420600040574
234,spherical_tilt_0034,spherical_tilt,4,0,-0.351561010079942,0.811840370695483,0.048873053042423946,-0.936419071735783,4.79492970735053,0.21880503286297118,6.185492695875168,0.8414023059948212,1.0,7.275779347076691e-13,439.5249387254902,4.83860294117647,0.4619145273696037,12.622351791945814,12.622351791945814
235,spherical_tilt_0035,spherical_tilt,4,0,-0.09596560925923403,0.9060620489303328,0.019093627430608093,-1.4478249754586228,9.871328777663537,0.2481043935968051,5.183353582681654,0.9165380864658277,1.0,3.956045793355268e-15,184.52107843137253,2.322426470588235,0.6346891435824188,12.97295062386162,12.97295062386162
236,spherical_tilt_0036,spherical_tilt,4,0,-0.3807824738022554,0.5816212549163501,0.15236273521554197,-0.6681851788573703,1.4321387767700595,0.22260286658876532,6.451823327921472,0.7004612904265387,1.0,3.870320761477825e-09,307.7985294117647,5.6325980392156865,0.40143655210114854,12.733013501894582,12.733013501894582
237,spherical_tilt_0037,spherical_tilt,4,0,-0.22192445421874263,0.6162848866052022,0.13294651748350658,-0.6257773851964182,1.6832877328870715,0.21879483886273407,6.608022140319484,0.716068138476705,1.0,1.6169892288274606e-09,224.637193627451,3.5037377450980385,0.47359782607884837,12.55627149639081,12.55627149639081
238,spherical_tilt_0038,spherical_tilt,4,0,-0.07209678631865002,0.7997567870878473,0.0544584725463917,-1.2253983141192983,3.2399139602015654,0.22207866204112206,6.257216221663986,0.8331082708984877,1.0,1.2589270997259462e-12,225.61611519607845,2.491299019607843,0.5585239018979621,12.587412399990283,12.587412399990283
239,spherical_tilt_0039,spherical_tilt,4,0,0.134629117418263,0.8454765405241718,0.03723885877346958,-1.1414861397566511,5.019593336485035,0.22396371469621734,5.996838955692301,0.8672193721026941,1.0,1.2751895252020611e-13,194.79583333333335,2.4449754901960787,0.5908342999695257,12.74338846348525,12.74338846348525
240,spherical_tilt_0040,spherical_tilt,4,0,-0.09121689057130289,0.5592705727851929,0.14638815936525615,-0.07880272881745427,1.4060100387013688,0.2185380260893238,6.639882918212333,0.6776221166319277,1.0,1.340854796585597e-08,215.74626225490198,3.739644607843137,0.3858495021528143,12.66067245580549,12.66067245580549
241,spherical_tilt_0041,spherical_tilt,4,0,0.08830624840900825,0.6446466532405957,0.12875649544450316,-1.0045507140560286,1.7821673228502706,0.2183871947600673,6.6258572204642014,0.737784387865997,1.0,4.6493599600056123e-10,366.9516544117647,3.351470588235294,0.45788795519091996,12.646641571975728,12.646641571975728
242,spherical_tilt_0042,spherical_tilt,4,0,-0.4639401657226363,0.7149856310369689,0.10399603832927061,-1.4303868945117342,2.2379510705953947,0.2179537705181698,6.519008509950037,0.7843471749924285,1.0,2.8328807649269537e-11,277.9458333333333,4.841605392156863,0.43935086426585035,12.67860204472138,12.67860204472138
243,spherical_tilt_0043,spherical_tilt,4,0,-0.02586732490982968,0.5588722375668221,0.14831599666539597,-0.163082069453061,1.3957852601146672,0.219630203390972,6.6070345516243565,0.6787150908800705,1.0,1.2646341468371675e-08,224.86390931372551,3.7406249999999996,0.36878359403555905,12.67402214299068,12.67402214299068
244,spherical_tilt_0044,spherical_tilt,4,0,0.07245793312211568,0.8620325244016338,0.03098322936449101,-1.1740422730613647,5.625946916077394,0.22664918850396043,5.8440476088978475,0.8798200398324333,1.0,5.3473837661448536e-14,174.5332720588235,2.1681985294117645,0.6300576872278849,12.786776989506816,12.786776989506816
245,spherical_tilt_0045,spherical_tilt,4,0,0.20200218111037138,0.7067460186169514,0.09752725048714314,-0.9675513963637038,2.3828997957955798,0.21794234155831355,6.62200862082229,0.7726688717154686,1.0,5.8074539949549786e-11,246.87457107843136,3.275551470588235,0.49034185333926705,12.547490479654364,12.547490479654364
246,spherical_tilt_0046,spherical_tilt,4,0,0.15243305652103156,0.6396757037521609,0.12757914410106233,-0.8597465152718773,1.7913854778060991,0.21834316206315327,6.63697647542946,0.732641897567894,1.0,6.26671101719437e-10,302.78725490196075,3.3768382352941178,0.465299557273721,12.606285131013095,12.606285131013095
247,spherical_tilt_0047,spherical_tilt,4,0,0.28743222198595386,0.8517670502786374,0.037291138670723506,-1.4605877491061232,4.963296460106799,0.2251829315041689,5.864887231383523,0.8733832186452257,1.0,8.348848075634313e-14,252.81973039215686,3.330330882352941,0.5405057242470583,12.784947424674222,12.784947424674222
248,spherical_tilt_0048,spherical_tilt,4,0,-0.06858180482010989,0.7724723663666955,0.06658485940128551,-1.2220798653529337,2.7904877570845086,0.22098871768084485,6.382588052774133,0.8144313452964881,1.0,4.24206103720456e-12,256.60747549019607,2.65453431372549,0.5293846048820474,12.54486394336199,12.54486394336199
249,spherical_tilt_0049,spherical_tilt,4,0,-0.13934266554974573,0.8861787211360321,0.0237716746038679,-1.1735673659105557,7.683941365743101,0.22549165092707885,5.634461913239196,0.8994911897279267,1.0,1.342883900366402e-14,252.17984068627453,3.2641544117647063,0.5692831762627497,12.924571496782724,12.924571496782724
